Code,Nom français,Nom latin
ACM,Achillée millefeuille,Achillea millefolium Linnaeus
ACP,Actée à gros pédicelles,Actaea pachypoda Elliott
ACR,Actée rouge,Actaea rubra (Aiton) Willdenow
ACS,Actée,Actaea Linnaeus
ADP,Adiante du canada,Adiantum pedatum Linnaeus
AGG,Aigremoine à sépales crochus,Agrimonia gryposepala Wallroth
AGS,Aigremoine striée,Agrimonia striata Michaux
AJR,Bugle rampante,Ajuga reptans Linnaeus
ALR,Alisma commun,Alisma triviale Pursh
ALS,Alisma subcordé,Alisma subcordatum Rafinesque
ALT,Ail des bois,Allium tricoccum Aiton
AMA,Petite herbe à poux,Ambrosia artemisiifolia Linnaeus
AMB,Amphicarpe bractéolée,Amphicarpaea bracteata (Linnaeus) Fernald
AME,Amélanchier,Amelanchier Medikus
AMF,Faux-indigo commun,Amorpha fruticosa Linnaeus
AMS,Amarante,Amaranthus Adanson
AMT,Grande herbe à poux,Ambrosia trifida Linnaeus
ANA,Mouron rouge,Lysimachia arvensis (Linnaeus) U. Manns & Anderberg
ANC,Anémone du canada,Anemonastrum canadense (Linnaeus) Mosyakin
ANG,Andromède glauque,Andromeda polifolia var. latifolia Aiton
ANM,Immortelle blanche,Anaphalis margaritacea (Linnaeus) Bentham & Hooker f.
ANR,,Anomodon rugelii (Müll. Hal.) Keissl.
ANS,Antennaire,Antennaria Gaertner
ANV,Anémone de virginie,Anemone virginiana Linnaeus
APA,Apocyn à feuilles d'androsème,Apocynum androsaemifolium Linnaeus
APM,Apios d'amérique,Apios americana Medikus
AQV,Ancolie vulgaire,Aquilegia vulgaris Linnaeus
ARA,Arisème petit-prêcheur,Arisaema triphyllum (Linnaeus) Schott
ARH,Aralie hispide,Aralia hispida Ventenat
ARI,Petite bardane,Arctium minus (Hill) Bernhardi
ARL,Grande bardane,Arctium lappa Linnaeus
ARM,Aronie à fruits noirs,Aronia melanocarpa (Michaux) Elliott
ARN,Aralie à tige nue,Aralia nudicaulis Linnaeus
ARR,Aralie à grappes,Aralia racemosa Linnaeus
ARS,Sabline à feuilles de serpolet,Arenaria serpyllifolia Linnaeus
ARU,Raisin d'ours,Arctostaphylos uva-ursi (Linnaeus) Sprengel
ASA,Aster acuminé,Oclemena acuminata (Michaux) Greene
ASC,Asaret du canada,Asarum canadense Linnaeus
ASI,Aster lancéolé,Symphyotrichum lanceolatum (Willdenow) G.L. Nesom subsp. lanceolatum
ASJ,Aster boréal,Symphyotrichum boreale (Torrey & A. Gray) Á. Löve & D. Löve
ASL,Asclépiade commune,Asclepias syriaca Linnaeus
ASM,Aster à grandes feuilles,Eurybia macrophylla (Linnaeus) Cassini
ASN,Aster de nouvelle-angleterre,Symphyotrichum novae-angliae (Linnaeus) G.L. Nesom
ASP,Aster ponceau,Symphyotrichum puniceum (Linnaeus) Á. Löve & D. Löve var. puniceum
ASS,Aster,Aster Linnaeus
ASU,Aster à ombelles,Doellingeria umbellata (Miller) Nees
ATA,Clématite verticillée,Clematis occidentalis (Hornemann) de Candolle var. occidentalis
ATF,Athyrie fougère-femelle,Athyrium filix-femina (Linnaeus) Roth ex Mertens
ATP,Athyrie à sores denses,Diplazium pycnocarpon (Sprengel) M. Broun
ATT,Athyrie fausse-thélyptère,Deparia acrostichoides (Swartz) M. Kato
AUC,Aulne crispé,Alnus alnobetula subsp. crispa (Aiton) Raus
AUP,Aulacomnie des marais,Aulacomnium palustre (Hedw.) Schwägr.
AUR,Aulne rugueux,Alnus incana subsp. rugosa (Du Roi) R.T. Clausen
BAT,Bazzanie trilobée,Bazzania trilobata (L.) A. Gray
BEG,Bouleau glanduleux,Betula glandulosa Michaux
BEM,Bouleau mineur,Betula minor (Tuckerman) Fernald
BEP,Bouleau nain,Betula pumila Linnaeus
BET,Épine-vinette du japon,Berberis thunbergii de Candolle
BIC,Bident à trois divisions,Bidens tripartita Linnaeus
BIF,Bident feuillu,Bidens frondosa Linnaeus
BIN,Bident à feuilles connées,Bidens connata Muhlenberg ex Willdenow
BIR,Bident penché,Bidens cernua Linnaeus
BIS,Bident,Bidens Linnaeus
BOG,Bouleau gris,Betula populifolia Marshall
BOJ,Bouleau jaune,Betula alleghaniensis Britton
BOO,Botryche découpé,Sceptridium dissectum (Sprengel) Lyon
BOP,Bouleau à papier,Betula papyrifera Marshall
BOV,Botryche de virginie,Botrypus virginianus (Linnaeus) Michaux
BRR,Moutarde des oiseaux,Brassica rapa Linnaeus
BRS,,Brachythecium Schimp. in B.S.G.
CAB,Calypso bulbeux,Calypso bulbosa (Linnaeus) Oakes
CAC,Caryer cordiforme,Carya cordiformis (Wangenheim) K. Koch
CAD,Cardamine bulbeuse,"Cardamine bulbosa (Schreber ex Muhlenberg) Britton, Sterns & Poggenburgh"
CAF,Caryer ovale,Carya ovata (Miller) K. Koch
CAL,Cassandre caliculé,Chamaedaphne calyculata (Linnaeus) Moench
CAM,Calla des marais,Calla palustris Linnaeus
CAO,,Calliergon cordifolium (Hedw.) Kindb.
CAP,Populage des marais,Caltha palustris Linnaeus
CAR,Charme de caroline,Carpinus caroliniana Walter
CAS,Castilléjie septentrionale,Castilleja septentrionalis Lindley
CAT,Caulophylle faux-pigamon,Caulophyllum thalictroides (Linnaeus) Michaux
CAV,Chardon des champs,Cirsium arvense (Linnaeus) Scopoli
CAX,Carex,Carex Linnaeus
CEO,Micocoulier occidental,Celtis occidentalis Linnaeus
CES,Bourreau-des-arbres,Celastrus scandens Linnaeus
CET,Cerisier tardif,Prunus serotina Ehrhart
CEU,Petite-centaurée commune,Centaurium erythraea Rafn
CEV,Céraiste vulgaire,Cerastium fontanum subsp. vulgare (Hartman) Greuter & Burdet
CHA,Dorine d'amérique,Chrysosplenium americanum Schweinitz ex Hooker
CHB,Chêne blanc,Quercus alba Linnaeus
CHE,Chêne bicolore,Quercus bicolor Willdenow
CHG,Chêne à gros fruits,Quercus macrocarpa Michaux
CHH,Petit thé,Gaultheria hispidula (Linnaeus) Muhlenberg ex Bigelow
CHL,Marguerite blanche,Leucanthemum vulgare Lamarck
CHM,Grande chélidoine,Chelidonium majus Linnaeus
CHO,Galane glabre,Chelone glabra Linnaeus
CHP,Chrysanthème matricaire,Tanacetum parthenium (Linnaeus) Schultz-Bipontinus
CHR,Chêne rouge,Quercus rubra Linnaeus
CHS,Chrysanthème,Chrysanthemum Linnaeus
CHU,Chimaphile à ombelles,Chimaphila umbellata (Linnaeus) W.P.C. Barton
CIA,Circée alpine,Circaea alpina Linnaeus
CIB,Cicutaire bulbifère,Cicuta bulbifera Linnaeus
CII,Chicorée sauvage,Cichorium intybus Linnaeus
CIL,Circée du canada,Circaea canadensis (Linnaeus) Hill subsp. canadensis
CIM,Cicutaire maculée,Cicuta maculata Linnaeus
CIS,Chardon,Cirsium Miller
CIV,Chardon vulgaire,Cirsium vulgare (Savi) Tenore
CLA,Cladonie,Cladina (Nyl.) Nyl
CLA_S,"Lichens (CLA,CLR,CLM,CLS et CLT)",
CLB,Clintonie boréale,Clintonia borealis (Aiton) Rafinesque
CLC,Claytonie de caroline,Claytonia caroliniana Michaux
CLD,Climacie arbustive,Climacium dendroides (Hedw.) F. Weber & D. Mohr
CLM,Cladonie lisse,Cladina mitis (Sandst.) Hustich
CLR,Cladonie rangifère,Cladina rangiferina (L.) Nyl.
CLS,Cladonie,Cladonia P. Browne
CLT,Cladonie étoilée,Cladina stellaris (Opiz) Brodo
CLV,Clématite de virginie,Clematis virginiana Linnaeus
COA,Cornouiller à feuilles alternes,Cornus alternifolia Linnaeus f.
COC,Noisetier à long bec,Corylus cornuta Marshall
COG,Savoyane,Coptis trifolia (Linnaeus) Salisbury
COL,Comandre livide,Geocaulon lividum (Richardson) Fernald
COM,Corallorhize maculée,Corallorhiza maculata (Rafinesque) Rafinesque
CON,Quatre-temps,Cornus canadensis Linnaeus
COP,Comptonie voyageuse,Comptonia peregrina (Linnaeus) J.M. Coulter
COR,Cornouiller stolonifère,Cornus sericea Linnaeus
COS,Liseron des haies d'amérique,Calystegia sepium subsp. americana (Sims) Brummitt
COU,Cornouiller rugueux,Cornus rugosa Lamarck
COY,Corydale toujours verte,Capnoides sempervirens (Linnaeus) Borkhausen
CRA,Aubépine,Crataegus Linnaeus
CRC,Cryptoténie du canada,Cryptotaenia canadensis (Linnaeus) de Candolle
CRS,Cryptogramme de steller,Cryptogramma stelleri (S.G. Gmelin) Prantl
CYA,Cypripède acaule,Cypripedium acaule Aiton
CYB,Cystoptère bulbifère,Cystopteris bulbifera (Linnaeus) Bernhardi
CYC,Cypripède jaune,Cypripedium parviflorum Salisbury
CYR,Cypripède royal,Cypripedium reginae Walter
DAC,Carotte sauvage,Daucus carota Linnaeus
DAR,Dalibarde rampante,Rubus repens (Linnaeus) Kuntze
DEC,Desmodie du canada,Desmodium canadense (Linnaeus) de Candolle
DED,Dentaire à deux feuilles,Cardamine diphylla (Michaux) Alph. Wood
DEG,Desmodie glutineuse,Hylodesmum glutinosum (Muhlenberg ex Willdenow) H. Ohashi & R.R. Mill
DEL,Dentaire laciniée,Cardamine concatenata (Michaux) O. Schwarz
DEP,Dennstaedtie à lobules ponctués,Dennstaedtia punctilobula (Michaux) T. Moore
DIA,Dicentre du canada,Dicentra canadensis (Goldie) Walpers
DIC,Dicentre,Dicentra Bernhardi
DIE,Dièreville chèvrefeuille,Diervilla lonicera Miller
DIL,Diapensie de laponie,Diapensia lapponica Linnaeus
DIP,Cardère des bois,Dipsacus fullonum Linnaeus
DIR,Dirca des marais,Dirca palustris Linnaeus
DIS,,Dicranum Hedw.
DRC,Dryoptère à crêtes,Dryopteris cristata (Linnaeus) A. Gray
DRD,Gymnocarpe disjoint,Gymnocarpium disjunctum (Ruprecht) Ching
DRF,,Warnstorfia fluitans (Hedw.) Loeske
DRG,Dryoptère de goldie,Dryopteris goldieana (Hooker ex Goldie) A. Gray
DRM,Dryoptère à sores marginaux,Dryopteris marginalis (Linnaeus) A. Gray
DRN,Thélyptère de new york,Parathelypteris noveboracensis (Linnaeus) Ching
DRO,Droséra,Drosera Linnaeus
DRP,Phégoptère du hêtre,Phegopteris connectilis (Michaux) Watt
DRS,Dryoptère spinuleuse,Dryopteris carhtusiana (Villars) H.P. Fuchs
DRT,Thépyptère des marais d'amérique,Thelypteris palustris var. pubescens (G. Lawson) Fernald
ECL,Concombre grimpant,Echinocystis lobata (Michaux) Torrey & A. Gray
EMA,Camarine noire-pourprée,Empetrum atropurpureum Fernald & Wiegand
EMN,Camarine noire,Empetrum nigrum Linnaeus
EPA,Épilobe à feuilles étroites,Chamaenerion angustifolium (Linnaeus) Scopoli subsp. angustifolium
EPB,Épinette blanche,Picea glauca (Moench) Voss
EPG,Épilobe glanduleux,Epilobium ciliatum subsp. glandulosum (Lehmann) Hoch & P.H. Raven
EPH,Épipactis petit-hellébore,Epipactis helleborine (Linnaeus) Crantz
EPI,Épigée rampante,Epigaea repens Linnaeus
EPN,Épinette noire,"Picea mariana (Miller) Britton, Sterns & Poggenburgh"
EPO,Épinette de norvège,Picea abies (Linnaeus) H. Karsten
EPP,Épilobe palustre,Epilobium palustre Linnaeus
EPR,Épinette rouge,Picea rubens Sargent
EPS,Épilobe dressé,Epilobium strictum Muhlenberg ex Sprengel
EPV,Épifage de virginie,Epifagus virginiana (Linnaeus) W.P.C. Barton
EQS,Prêle,Equisetum Linnaeus
EQY,Prêle des bois,Equisetum sylvaticum Linnaeus
ERA,Érable argenté,Acer saccharinum Linnaeus
ERC,Vergerette du canada,Erigeron canadensis Linnaeus
ERE,Érable à épis,Acer spicatum Lamarck
ERF,Érechtite à feuilles d'épervière,Erechtites hieraciifolius (Linnaeus) Rafinesque ex de Candolle
ERG,Érable à giguère,Acer negundo Linnaeus
ERH,Vélar fausse-giroflée,Erysimum cheiranthoides Linnaeus
ERI,Linaigrette,Eriophorum Linnaeus
ERN,Érable noir,Acer nigrum F. Michaux
ERO,Vergerette délicate,Erigeron pulchellus Michaux
ERP,Érable de pennsylvanie,Acer pensylvanicum Linnaeus
ERR,Érable rouge,Acer rubrum Linnaeus
ERS,Érable à sucre,Acer saccharum Marshall
ERT,Vergerette rude,Erigeron strigosus Muhlenberg ex Willdenow
ERU,Vergerette annuelle,Erigeron annuus (Linnaeus) Persoon
ERY,Érythrone d'amérique,Erythronium americanum Ker Gawler
EUM,Eupatoire maculée,Eutrochium maculatum (Linnaeus) E.E. Lamont
EUP,Eupatoire perfoliée,Eupatorium perfoliatum Linnaeus
EUR,Eupatoire rugueuse,Ageratina altissima (Linnaeus) R.M. King & H. Robinson var. altissima
EUS,Euphraise,Euphrasia Linnaeus
FEU_H,"Feuillus humides (ERA, FRP, FRN, ORA, ORR, CHG et CHE)",
FEU_R,"Feuillus riches (ERS, HEG,CHR,OSV, FRA, NOC, TIL,CET,CAC,CAR,CAF et CHG)",
FEU_S,"Feuillus (ERR, BOJ, FEU_R et FEU_H)",
FRA,Frêne blanc,Fraxinus americana Linnaeus
FRG,Fraisier,Fragaria Linnaeus
FRN,Frêne noir,Fraxinus nigra Marshall
FRP,Frêne rouge,Fraxinus pennsylvanica Marshall
GAA,Gaillet piquant,Galium asprellum Michaux
GAB,Gaylussaquier à fruits bacciformes,Gaylussacia baccata (Wangenheim) K. Koch
GAE,Ortie royale,Galeopsis tetrahit Linnaeus
GAL,Gaillet du labrador,Galium labradoricum (Wiegand) Wiegand
GAP,Thé des bois,Gaultheria procumbens Linnaeus
GAS,Gaillet,Galium Linnaeus
GAT,Gaillet à trois fleurs,Galium triflorum Michaux
GEA,Benoîte d'alep,Geum aleppicum Jacquin
GEC,Benoîte du canada,Geum canadense Jacquin
GEL,Gentiane à feuilles linéaires,Gentiana linearis Froelich
GEM,Benoîte à grandes feuilles,Geum macrophyllum Willdenow
GEO,Géranium de robert,Geranium robertianum Linnaeus
GER,Benoîte des ruisseaux,Geum rivale Linnaeus
GES,Géranium,Geranium Linnaeus
GET,Gérardie à feuilles ténues,Agalinis tenuifolia (Vahl) Rafinesque
GEU,Benoîte,Geum Linnaeus
GLH,Lierre terrestre,Glechoma hederacea Linnaeus
GNU,Gnaphale des vases,Gnaphalium uliginosum Linnaeus
GNV,Gnaphale de macoun,Pseudognaphalium macounii (Greene) Kartesz
GOO,Goodyérie à feuilles oblongues,Goodyera oblongifolia Rafinesque
GOR,Goodyérie rampante,Goodyera repens (Linnaeus) R. Brown
GOS,Goodyérie,Goodyera R. Brown
GRS,Poacées,Poaceae Barnhart
HAB,Orchis grenouille,Coeloglossum viride (Linnaeus) Hartman
HAO,Platanthère à feuilles orbiculaires,Platanthera orbiculata (Pursh) Lindley
HAS,Platanthère,Platanthera Richard
HAV,Hamamélis de virginie,Hamamelis virginiana Linnaeus
HEA,Hépatique à lobes aigus,Hepatica acutiloba de Candolle
HEG,Hêtre à grandes feuilles,Fagus grandifolia Ehrhart
HEM,Berce laineuse,Heracleum maximum W. Bartram
HEP,Hépatique d'amérique,Hepatica americana (de Candolle) Ker Gawler
HES,Hélianthe scrofuleux,Helianthus strumosus Linnaeus
HIA,Épervière orangée,Pilosella aurantiaca (Linnaeus) F.W. Shultz & Schultz Bipontinus
HIP,Épervière des prés,Pilosella caespitosa (Dumortier) P.D. Sell & C. West
HIS,Épervière,Hieracium Linnaeus
HUL,Houblon commun,Humulus lupulus Linnaeus
HYA,Hydrocotyle d'amérique,Hydrocotyle americana Linnaeus
HYC,Millepertuis du canada,Hypericum canadense Linnaeus
HYF,Millepertuis commun,Hypericum perforatum Linnaeus
HYG,Millepertuis de virginie,Hypericum virginicum Linnaeus
HYL,Millepertuis elliptique,Hypericum ellipticum Hooker
HYM,Millepertuis nain,Hypericum mutilum Linnaeus
HYP,Millepertuis,Hypericum Linnaeus
HYS,Hypne éclatante,Hylocomium splendens (Hedw.) Schimp.
HYT,Millepertuis ponctué,Hypericum punctatum Lamarck
HYV,Hydrophylle de virginie,Hydrophyllum virginianum Linnaeus
HYY,Millepertuis à grandes fleurs,Hypericum ascyron subsp. pyramidatum (Aiton) N. Robson
ILV,Houx verticillé,Ilex verticillata (Linnaeus) A. Gray
IMC,Impatiente du cap,Impatiens capensis Meerburgh
IMP,Impatiente pâle,Impatiens pallida Nuttall
IMS,Impatiente,Impatiens Linnaeus
INH,Inule aunée,Inula helenium Linnaeus
IRV,Iris versicolore,Iris versicolor Linnaeus
JUC,Genévrier commun,Juniperus communis Linnaeus
JUH,Genévrier horizontal,Juniperus horizontalis Moench
JUN,Genévrier,Juniperus Linnaeus
KAA,Kalmia à feuilles étroites,Kalmia angustifolia Linnaeus
KAP,Kalmia à feuilles d'andromède,Kalmia polifolia Wangenheim
LAB,Laitue bisannuelle,Lactuca biennis (Moench) Fernald
LAC,Laportéa du canada,Laportea canadensis (Linnaeus) Weddell
LAN,Laitue du canada,Lactuca canadensis Linnaeus
LAP,Gesse des prés,Lathyrus pratensis Linnaeus
LAT,Gesse des marais,Lathyrus palustris Linnaeus
LEA,Liondent d'automne,Scorzoneroides autumnalis (Linnaeus) Moench
LEC,Agripaume cardiaque,Leonurus cardiaca Linnaeus
LEG,Thé du labrador,Rhododendron groenlandicum (Oeder) Kron & Judd
LEM,Lenticule mineure,Lemna minor Linnaeus
LIB,Linnée boréale,Linnaea borealis Linnaeus
LIC,Listère à feuilles cordées,Neottia cordata (Linnaeus) Richard
LIL,Lis du canada,Lilium canadense Linnaeus
LIS,Livêche d'écosse,Ligusticum scoticum Linnaeus
LIV,Linaire vulgaire,Linaria vulgaris Miller
LOD,Chèvrefeuille dioïque,Lonicera dioica Linnaeus
LOH,Chèvrefeuille hirsute,Lonicera hirsuta Eaton
LOI,Lobélie gonflée,Lobelia inflata Linnaeus
LON,Chèvrefeuille du canada,Lonicera canadensis Bartram ex Marshall
LOO,Chèvrefeuille à feuilles oblongues,Lonicera oblongifolia (Goldie) Hooker
LOT,Chèvrefeuille de tartarie,Lonicera tatarica Linnaeus
LOV,Chèvrefeuille velu,Lonicera villosa (Michaux) Roemer & Schultes
LUS,Luzule,Luzula de Candolle
LYA,Lycopode innovant,Spinulum annotinum (Linnaeus) A. Haines subsp. annotinum
LYB,Lycopode à feuilles de genévrier,Diphasiastrum ×sabinifolium (Willdenow) Holub
LYC,Lycopode claviforme,Lycopodium clavatum Linnaeus
LYE,Lysimaque terrestre,"Lysimachia terrestris (Linnaeus) Britton, Sterns & Poggenberg"
LYF,Lycopode en éventail,Diphasiastrum digitatum (Dillenius ex A. Braun) Holub
LYI,Lysimaque ciliée,Lysimachia ciliata Linnaeus
LYL,Lycopode brillant,Huperzia lucidula (Michaux) Trevisan
LYM,Lycope d'amérique,Lycopus americanus Muhlenberg ex W.P.C. Barton
LYN,Lysimaque ponctuée,Lysimachia punctata Linnaeus
LYO,Lycopode obscur,Dendrolycopodium obscurum (Linnaeus) A. Haines
LYP,Lycopode aplati,Diphasiastrum complanatum (Linnaeus) Holub
LYR,Lysimaque nummulaire,Lysimachia nummularia Linnaeus
LYS,Salicaire commune,Lythrum salicaria Linnaeus
LYT,Lycopode à trois épis,Diphasiastrum tristachyum (Pursh) Holub
LYU,Lycope à une fleur,Lycopus uniflorus Michaux
MAC,Maïanthème du canada,Maianthemum canadense Desfontaines
MAM,Matricaire maritime,Tripleurospermum maritimum (Linnaeus) W.D.J. Koch
MAS,Pommier,Malus Miller
MAT,Matteuccie fougère-à-l'autruche,Matteuccia struthiopteris (Linnaeus) Todaro
MAU,Malaxis unifolié,Malaxis unifolia Michaux
MEA,Menthe des champs,Mentha arvensis Linnaeus
MEC,Menthe du canada,Mentha canadensis Linnaeus
MED,Luzerne lupuline,Medicago lupulina Linnaeus
MEH,Mélèze hybride,Larix ×marschlinsii Coaz
MEI,Mélampyre linéaire,Melampyrum lineare Desrousseaux
MEL,Mélèze laricin,Larix laricina (Du Roi) K. Koch
MEO,Mélilot,Melilotus Miller
MEP,Mertensie paniculée,Mertensia paniculata (Aiton) G. Don
MES,Luzerne cultivée,Medicago sativa Linnaeus
MET,Trèfle d'eau,Menyanthes trifoliata Linnaeus
MEV,Médéole de virginie,Medeola virginiana Linnaeus
MID,Mitrelle à deux feuilles,Mitella diphylla Linnaeus
MIM,Mimule à fleurs entrouvertes,Mimulus ringens Linnaeus
MIN,Mitrelle nue,Mitella nuda Linnaeus
MIR,Pain-de-perdrix,Mitchella repens Linnaeus
MNP,Mnie ponctuée,Rhizomnium magnifolium (Horik.) T. Kop.
MNS,,Mnium Hedw.
MOH,Monotrope du pin,Hypopitys monotropa Crantz
MON,Monotrope uniflore,Monotropa uniflora Linnaeus
MOU,Monésès uniflore,Moneses uniflora (Linnaeus) A. Gray
MYA,Myosotis des champs,Myosotis arvensis (Linnaeus) Hill
MYG,Myrique baumier,Myrica gale Linnaeus
NEA,Néphrome arctique,Nephroma arcticum (L.) Torss.
NEM,Némopanthe mucroné,"Ilex mucronata (Linnaeus) M. Powell, V. Savolainen & S. Andrews"
NOC,Noyer cendré,Juglans cinerea Linnaeus
NON,Noyer noir,Juglans nigra Linnaeus
NUV,Grand nénuphar jaune,Nuphar variegata Engelmann ex Durand
OEC,Onagre parviflore,Oenothera parviflora Linnaeus
OEP,Onagre vivace,Oenothera perennis Linnaeus
ONS,Onoclée sensible,Onoclea sensibilis Linnaeus
ORA,Orme d'amérique,Ulmus americana Linnaeus
ORR,Orme rouge,Ulmus rubra Muhlenberg
ORT,Orme liège,Ulmus thomasii Sargent
OSC,Osmonde cannelle,Osmundastrum cinnamomeum (Linnaeus) C. Presl
OSL,Osmorhize de clayton,Osmorhiza claytonii (Michaux) C.B. Clarke
OSR,Osmonde royale,Osmunda regalis Linnaeus
OSV,Ostryer de virginie,Ostrya virginiana (Miller) K. Koch
OSY,Osmonde de clayton,Claytosmunda claytoniana (Linnaeus) Metzgar & Rouhan
OXM,Oxalide de montagne,Oxalis montana Rafinesque
OXS,Oxalide d'europe,Oxalis stricta Linnaeus
PAN,Ginseng à cinq folioles,Panax quinquefolius Linnaeus
PAQ,Vigne vierge à cinq folioles,Parthenocissus quinquefolia (Linnaeus) Planchon ex de Candolle
PAS,Panais sauvage,Pastinaca sativa Linnaeus
PAT,Ginseng à trois folioles,Panax trifolius Linnaeus
PEA,Peltigère aphteuse,Peltigera aphthosa (L.) Willd.
PEB,Peuplier baumier,Populus balsamifera Linnaeus
PED,Peuplier deltoïde,Populus deltoides W. Bartram ex Marshall
PEG,Peuplier à grandes dents,Populus grandidentata Michaux
PES,Pétasite palmé,Petasites frigidus var. palmatus (Aiton) Cronquist
PET,Peuplier faux-tremble,Populus tremuloides Michaux
PHH,Coqueret hétérophylle,Physalis heterophylla Nees
PHL,Phryma à épis grêles,Phryma leptostachya Linnaeus
PHO,Physocarpe à feuilles d'obier,Physocarpus opulifolius (Linnaeus) Maximowicz
PIB,Pin blanc,Pinus strobus Linnaeus
PID,Pin rigide,Pinus rigida P. Miller
PIG,Pin gris,Pinus banksiana Lambert
PIP,Piléa nain,Pilea pumila (Linnaeus) A. Gray
PIR,Pin rouge,Pinus resinosa Aiton
PIS,Pin sylvestre,Pinus sylvestris Linnaeus
PLM,Plantain majeur,Plantago major Linnaeus
PLS,Hypne de schreber,Pleurozium schreberi (Brid.) Mitt.
POA,Polystic faux-acrostic,Polystichum acrostichoides (Michaux) Schott
POB,Polystic de braun,Polystichum braunii (Spenner) Fée
POC,Renouée à noeuds ciliés,Fallopia cilinodis (Michaux) Holub
POD,Potentille tridentée,Sibbaldia tridentata (Aiton) Paule & Soják
POE,Potentille argentée,Potentilla argentea Linnaeus
POF,Potentille frutescente,Dasiphora fruticosa (Linnaeus) Rydberg
POG,Renouée,Polygonum Linnaeus
POI,Potentille des neiges,Potentilla nivea Linnaeus
POL,Sceau-de-salomon,Polygonatum Miller
PON,Potentille de norvège,Potentilla norvegica Linnaeus
POP,Sceau-de-salomon pubescent,Polygonatum pubescens (Willdenow) Pursh
POR,Potentille dressée,Potentilla recta Linnaeus
POS,,Polytrichum Hedw.
POT,Comaret des marais,Comarum palustre Linnaeus
POU,Polygale sanguin,Polygala sanguinea Linnaeus
POV,Polypode de virginie,Polypodium virginianum Linnaeus
POX,Potentille simple,Potentilla simplex Michaux
POY,Renouée persicaire,Persicaria maculosa Gray
PRA,Proserpinie des marais,Proserpinaca palustris Linnaeus
PRG,Brunelle commune,Prunella vulgaris Linnaeus
PRN,Prunier noir,Prunus nigra Aiton
PRP,Cerisier de pennsylvanie,Prunus pensylvanica Linnaeus f.
PRS,Prenanthe,Nabalus Cassini
PRU,Pruche du canada,Tsuga canadensis (Linnaeus) Carrière
PRV,Cerisier de virginie,Prunus virginiana Linnaeus
PTA,Fougère-aigle,Pteridium aquilinum (Linnaeus) Kuhn
PTC,Hypne plumeuse,Ptilium crista-castrensis (Hedw.) De Not.
PTI,Ptilidie cilié,Ptilidium ciliare (L.) Hampe
PYA,Pyrole à feuilles d'asaret,Pyrola asarifolia Michaux
PYE,Pyrole elliptique,Pyrola elliptica Nuttall
PYR,Pyrole unilatérale,Orthilia secunda (Linnaeus) House
PYS,Pyrole,Pyrola Linnaeus
RAA,Renoncule âcre,Ranunculus acris Linnaeus
RAB,Renoncule abortive,Ranunculus abortivus Linnaeus
RAC,Renoncule scélérate,Ranunculus sceleratus Linnaeus
RAP,Renoncule de pennsylvanie,Ranunculus pensylvanicus Linnaeus f.
RAS,Renoncule,Ranunculus Linnaeus
RES_S,"Résineux (SAB, EPB, PIB, PIR, PRU,THO, EPN,PIG, MEL et EPR",
RHA,Nerprun à feuilles d'aulne,Endotropis alnifolia (L’Héritier) Hauenschild
RHC,Rhododendron du canada,Rhododendron canadense (Linnaeus) Torrey
RHF,Nerprun bourdaine,Frangula alnus Miller
RHM,Nerprun cathartique,Rhamnus cathartica Linnaeus
RHR,Herbe à puce,Toxicodendron radicans (Linnaeus) Kuntze
RHT,Sumac vinaigrier,Rhus typhina Linnaeus
RIA,Gadellier d'amérique,Ribes americanum Miller
RIC,Groseillier des chiens,Ribes cynosbati Linnaeus
RIG,Gadellier glanduleux,Ribes glandulosum Grauer
RIH,Groseillier hérissé,Ribes hirtellum Michaux
RIL,Gadellier lacustre,Ribes lacustre (Persoon) Poiret
RIT,Gadellier amer,Ribes triste Pallas
ROA,Rosier aciculaire,Rosa acicularis Lindley
ROB,Rosier inerme,Rosa blanda Aiton
ROI,Rorippe d'islande,Rorippa islandica (Oeder ex Murray) Borbás
RON,Rosier brillant,Rosa nitida Willdenow
ROP,Robinier faux-acacia,Robinia pseudoacacia Linnaeus
ROS,Rosier,Rosa Linnaeus
RUA,Ronce des alléghanys,Rubus allegheniensis Porter
RUB,Ronce sétuleuse,Rubus setosus Bigelow
RUC,Chicouté,Rubus chamaemorus Linnaeus
RUD,Ronce odorante,Rubus odoratus Linnaeus
RUH,Ronce hispide,Rubus hispidus Linnaeus
RUI,Framboisier rouge,Rubus idaeus Linnaeus
RUN,Ronce du canada,Rubus canadensis Linnaeus
RUO,Framboisier noir,Rubus occidentalis Linnaeus
RUP,Ronce pubescente,Rubus pubescens Rafinesque
RUT,Rudbeckie hérissée,Rudbeckia hirta Linnaeus
RUX,Patience,Rumex Linnaeus
RYT,Hypne triquètre,Rhytidiadelphus triquetrus (Hedw.) Warnst.
SAB,Sapin baumier,Abies balsamea (Linnaeus) Miller
SAC,Sureau blanc,Sambucus canadensis Linnaeus
SAE,Sanicle odorante,Sanicula odorata (Rafinesque) Pryer & Phillippe
SAG,Sanguinaire du canada,Sanguinaria canadensis Linnaeus
SAL,Saule,Salix Linnaeus
SAM,Sanicle du maryland,Sanicula marilandica Linnaeus
SAN,Sanguisorbe du canada,Sanguisorba canadensis Linnaeus
SAP,Sureau rouge,Sambucus racemosa Linnaeus
SAR,Sarracénie pourpre,Sarracenia purpurea Linnaeus
SAS,Sanicle,Sanicula Linnaeus
SAT,Sanicle trifoliée,Sanicula trifoliata E.P. Bicknell
SAV,Sarriette vulgaire,Clinopodium vulgare Linnaeus
SCE,Scutellaire à feuilles d'épilobe,Scutellaria galericulata var. pubescens Bentham
SCG,Scutellaire à feuilles d'épilobe,Scutellaria galericulata var. pubescens Bentham
SCL,Scutellaire latériflore,Scutellaria lateriflora Linnaeus
SCP,Scutellaire minime,Scutellaria parvula Michaux
SEN,Séneçon,Senecio Linnaeus
SEP,Orpin pourpre,Hylotelephium telephium (Linnaeus) H. Ohba
SIA,Sicyos anguleux,Sicyos angulatus Linnaeus
SIC,Silène enflé,Silene vulgaris (Moench) Garcke
SIM,Bermudienne montagnarde,Sisyrinchium montanum Greene
SIS,Berle douce,Sium suave Walter
SIY,Bermudienne,Sisyrinchium Linnaeus
SMH,Smilax herbacé,Smilax herbacea Linnaeus
SMR,Smilacine à grappes,Maianthemum racemosum (Linnaeus) Link
SMS,Smilacine étoilée,Maianthemum stellatum (Linnaeus) Link
SMT,Smilacine trifoliée,Maianthemum trifolium (Linnaeus) Sloboda
SOA,Sorbier d'amérique,Sorbus americana Marshall
SOC,Verge d'or du canada,Solidago canadensis Linnaeus
SOD,Sorbier plaisant,Sorbus decora (Sargent) C.K. Schneider
SOF,Verge d'or à tige zigzaguante,Solidago flexicaulis Linnaeus
SOH,Verge d'or hispide,Solidago hispida Muhlenberg ex Willdenow
SOL,Morelle douce-amère,Solanum dulcamara Linnaeus
SOM,Verge d'or à grandes feuilles,Solidago macrophylla Banks ex Pursh
SON,Laiteron,Sonchus Linnaeus
SOR,Verge d'or rugueuse,Solidago rugosa Miller
SOS,Verge d'or,Solidago Linnaeus
SPF,Sphaigne brune,Sphagnum fuscum (Schimp.) Klinggr.
SPG,Sphaigne de girgensohn,Sphagnum girgensohnii Russow
SPI,Spiranthe découpée,Spiranthes lacera (Rafinesque) Rafinesque
SPL,Spirée à larges feuilles,Spiraea alba var. latifolia (Aiton) Dippel
SPM,,Sphagnum magellanicum Brid.
SPQ,Sphaigne squarreuse,Sphagnum squarrosum Crome
SPR,Sphaigne de russow,Sphagnum russowii Warnst.
SPS,Sphaigne,Sphagnum  Linnaeus
SPT,Spirée tomenteuse,Spiraea tomentosa Linnaeus
STA,Streptope à feuilles embrassantes,Streptopus amplexifolius (Linnaeus) de Candolle
STG,Stellaire à feuilles de graminée,Stellaria graminea Linnaeus
STP,Stéréocaule lapin,Stereocaulon paschale (L.) Hoffm.
STR,Streptope rose,Streptopus lanceolatus (Aiton) Reveal var. lanceolatus
STS,Stellaire,Stellaria Linnaeus
SYA,Symphorine blanche,Symphoricarpos albus (Linnaeus) S.F. Blake
SYF,Chou puant,Symplocarpus foetidus (Linnaeus) Salisbury ex W.P.C. Barton
TAC,If du canada,Taxus canadensis Marshall
TAO,Pissenlit officinal,Taraxacum officinale F.H. Wiggers
TEC,Germandrée du canada,Teucrium canadense Linnaeus
TEO,Germandrée visqueuse,Teucrium canadense var. occidentale (Gray) E.M. McClintock & Epling
THD,Pigamon dioïque,Thalictrum dioicum Linnaeus
THO,Thuya occidental,Thuja occidentalis Linnaeus
THP,Pigamon pubescent,Thalictrum pubescens Pursh
THR,,Thuidium recognitum (Hedw.) Lindb.
TIC,Tiarelle cordifoliée,Tiarella cordifolia Linnaeus
TIL,Tilleul d'amérique,Tilia americana Linnaeus
TRB,Trientale boréale,Lysimachia borealis (Rafinesque) U. Manns & Anderberg
TRC,Trille penché,Trillium cernuum Linnaeus
TRE,Trille rouge,Trillium erectum Linnaeus
TRF,Trèfle,Trifolium Linnaeus
TRG,Trille blanc,Trillium grandiflorum (Michaux) Salisbury
TRT,Trichocolée tomenteuse,Trichocolea tomentella (Ehrh.) Dumort.
TRU,Trille ondulé,Trillidium undulatum (Willdenow) Floden & E.E. Schilling
TUF,Tussilage pas-d'âne,Tussilago farfara Linnaeus
TYA,Quenouille à feuilles étroites,Typha angustifolia Linnaeus
TYL,Quenouille à feuilles larges,Typha latifolia Linnaeus
URD,Ortie dioïque,Urtica dioica Linnaeus
UVG,Uvulaire à grandes fleurs,Uvularia grandiflora J.E. Smith
UVP,Uvulaire perfoliée,Uvularia perfoliata Linnaeus
UVS,Uvulaire à feuilles sessiles,Uvularia sessilifolia Linnaeus
VAA,Bleuet à feuilles étroites,Vaccinium angustifolium Aiton
VAC,Airelle gazonnante,Vaccinium cespitosum Michaux
VAF,Valériane officinale,Valeriana officinalis Linnaeus
VAI,Airelle à feuilles ovées,Vaccinium ovalifolium Smith
VAL,Valériane des tourbières,Valeriana uliginosa (Torrey & A. Gray) Rydberg ex Britton
VAM,Bleuet fausse-myrtille,Vaccinium myrtilloides Michaux
VAO,Canneberge commune,Vaccinium oxycoccos Linnaeus
VAU,Airelle des marécages,Vaccinium uliginosum Linnaeus
VAV,Airelle rouge,Vaccinium vitis-idaea Linnaeus
VAY,Bleuet en corymbe,Vaccinium corymbosum Linnaeus
VEH,Verveine hastée,Verbena hastata Linnaeus
VEI,Vérâtre vert,Veratrum viride Aiton
VEJ,Vesce jargeau,Vicia cracca Linnaeus
VEO,Véronique officinale,Veronica officinalis Linnaeus
VES,Véronique à feuilles de serpolet,Veronica serpyllifolia Linnaeus
VET,Grande molène,Verbascum thapsus Linnaeus
VIB,Viorne flexible,Viburnum lentago Linnaeus
VIC,Viorne cassinoïde,Viburnum cassinoides Linnaeus
VIE,Viorne comestible,Viburnum edule (Michaux) Rafinesque
VIF,Viorne à feuilles d'érable,Viburnum acerifolium Linnaeus
VIL,Viorne bois-d'orignal,Viburnum lantanoides Michaux
VIN,Violette du canada,Viola canadensis Linnaeus
VIP,Violette pâle,Viola macloskeyi F.E. Lloyd
VIR,Vigne des rivages,Vitis riparia Michaux
VIS,Violette,Viola Linnaeus
VIT,Viorne trilobée,Viburnum opulus var. americanum Aiton
VIV,Violette pubescente,Viola pubescens Aiton
WAF,Waldsteinie faux-fraisier,Geum fragarioides (Michaux) Smedmark
ZIA,Zizia doré,Zizia aurea (Linnaeus) W.D.J. Koch